{"cameraMode":{"drawMode":0,"name":"Shaded","section":"Shading Mode"},"sceneLighting":true,"audioPlay":false,"sceneViewState":{"showFog":true,"showMaterialUpdate":false,"showSkybox":true,"showFlares":true,"showImageEffects":true,"showParticleSystems":true},"in2DMode":false,"pivot":{"x":-10.34663200378418,"y":0.9281539916992188,"z":-5.643033504486084},"rotation":{"x":-0.005259404890239239,"y":0.9800516366958618,"z":-0.19694209098815919,"w":-0.026172775775194169},"size":16.064878463745118,"orthographic":false}