{"cameraMode":{"drawMode":0,"name":"Shaded","section":"Shading Mode"},"sceneLighting":false,"audioPlay":false,"sceneViewState":{"showFog":true,"showMaterialUpdate":false,"showSkybox":true,"showFlares":true,"showImageEffects":true,"showParticleSystems":true},"in2DMode":false,"pivot":{"x":0.21107891201972962,"y":0.8386648893356323,"z":-0.2094689905643463},"rotation":{"x":0.003906684927642345,"y":0.9911959767341614,"z":-0.12889061868190766,"w":0.030042892321944238},"size":3.0735955238342287,"orthographic":false}