{"cameraMode":{"drawMode":0,"name":"Shaded","section":"Shading Mode"},"sceneLighting":false,"audioPlay":false,"sceneViewState":{"showFog":true,"showMaterialUpdate":false,"showSkybox":true,"showFlares":true,"showImageEffects":true,"showParticleSystems":true},"in2DMode":false,"pivot":{"x":34.95000076293945,"y":1.6295275688171387,"z":16.796659469604493},"rotation":{"x":-0.004373110830783844,"y":0.9801594614982605,"z":-0.19696389138698579,"w":-0.02176225557923317},"size":4.778059005737305,"orthographic":false}