{"cameraMode":{"drawMode":0,"name":"Shaded","section":"Shading Mode"},"sceneLighting":false,"audioPlay":false,"sceneViewState":{"showFog":true,"showMaterialUpdate":false,"showSkybox":true,"showFlares":true,"showImageEffects":true,"showParticleSystems":true},"in2DMode":false,"pivot":{"x":8.680000305175782,"y":0.7030928134918213,"z":2.309000015258789},"rotation":{"x":0.003906684927642345,"y":0.9911959767341614,"z":-0.12889061868190766,"w":0.030042892321944238},"size":5.492718696594238,"orthographic":false}