{"cameraMode":{"drawMode":0,"name":"Shaded","section":"Shading Mode"},"sceneLighting":false,"audioPlay":false,"sceneViewState":{"showFog":true,"showMaterialUpdate":false,"showSkybox":true,"showFlares":true,"showImageEffects":true,"showParticleSystems":true},"in2DMode":false,"pivot":{"x":1.1920928955078126e-7,"y":0.7895275950431824,"z":-0.0633414089679718},"rotation":{"x":0.003906684927642345,"y":0.9911959767341614,"z":-0.12889061868190766,"w":0.030042892321944238},"size":4.778054714202881,"orthographic":false}