{"cameraMode":{"drawMode":0,"name":"Shaded","section":"Shading Mode"},"sceneLighting":false,"audioPlay":false,"sceneViewState":{"showFog":true,"showMaterialUpdate":false,"showSkybox":true,"showFlares":true,"showImageEffects":true,"showParticleSystems":true},"in2DMode":false,"pivot":{"x":8.095211029052735,"y":1.65382719039917,"z":0.5668067932128906},"rotation":{"x":0.006964190863072872,"y":0.9922751784324646,"z":-0.1048845499753952,"w":0.06588529050350189},"size":8.159780502319336,"orthographic":false}