{"cameraMode":{"drawMode":0,"name":"Shaded","section":"Shading Mode"},"sceneLighting":true,"audioPlay":false,"sceneViewState":{"showFog":true,"showMaterialUpdate":false,"showSkybox":true,"showFlares":true,"showImageEffects":true,"showParticleSystems":true},"in2DMode":false,"pivot":{"x":8.034085273742676,"y":2.5505385398864748,"z":-1.2127065658569337},"rotation":{"x":-0.040188319981098178,"y":-0.9126368761062622,"z":0.09259418398141861,"w":-0.3961125612258911},"size":41.045169830322269,"orthographic":false}