{"cameraMode":{"drawMode":0,"name":"Shaded","section":"Shading Mode"},"sceneLighting":false,"audioPlay":false,"sceneViewState":{"showFog":true,"showMaterialUpdate":false,"showSkybox":true,"showFlares":true,"showImageEffects":true,"showParticleSystems":true},"in2DMode":false,"pivot":{"x":10.269067764282227,"y":1.5743640661239625,"z":4.285470008850098},"rotation":{"x":-0.08239883184432984,"y":-0.9149460196495056,"z":0.24056799709796906,"w":-0.31338682770729067},"size":21.048532485961915,"orthographic":false}