{"cameraMode":{"drawMode":0,"name":"Shaded","section":"Shading Mode"},"sceneLighting":false,"audioPlay":false,"sceneViewState":{"showFog":true,"showMaterialUpdate":false,"showSkybox":true,"showFlares":true,"showImageEffects":true,"showParticleSystems":true},"in2DMode":false,"pivot":{"x":-0.12590329349040986,"y":0.15436919033527375,"z":-0.5905478000640869},"rotation":{"x":0.08284128457307816,"y":-0.7648389339447022,"z":0.10043376684188843,"w":0.6309294104576111},"size":2.756183624267578,"orthographic":false}