{"cameraMode":{"drawMode":0,"name":"Shaded","section":"Shading Mode"},"sceneLighting":false,"audioPlay":false,"sceneViewState":{"showFog":true,"showMaterialUpdate":false,"showSkybox":true,"showFlares":true,"showImageEffects":true,"showParticleSystems":true},"in2DMode":false,"pivot":{"x":-41.59958267211914,"y":5.418942928314209,"z":-31.332927703857423},"rotation":{"x":-0.18558372557163239,"y":-0.4598466753959656,"z":0.09890822321176529,"w":-0.8627380728721619},"size":2.4183478355407717,"orthographic":false}