{"cameraMode":{"drawMode":0,"name":"Shaded","section":"Shading Mode"},"sceneLighting":false,"audioPlay":false,"sceneViewState":{"showFog":true,"showMaterialUpdate":false,"showSkybox":true,"showFlares":true,"showImageEffects":true,"showParticleSystems":true},"in2DMode":false,"pivot":{"x":9.5367431640625e-7,"y":1.1392797231674195,"z":0.0000019073486328125},"rotation":{"x":0.4188246428966522,"y":-0.43532803654670718,"z":0.23992085456848145,"w":0.7599430680274963},"size":12.725576400756836,"orthographic":false}