{"cameraMode":{"drawMode":0,"name":"Shaded","section":"Shading Mode"},"sceneLighting":false,"audioPlay":false,"sceneViewState":{"showFog":true,"showMaterialUpdate":false,"showSkybox":true,"showFlares":true,"showImageEffects":true,"showParticleSystems":true},"in2DMode":false,"pivot":{"x":-41.91358947753906,"y":-0.32792502641677859,"z":28.669700622558595},"rotation":{"x":-0.1295512467622757,"y":0.4809931814670563,"z":-0.07211325317621231,"w":-0.86409592628479},"size":13.54221248626709,"orthographic":false}