{"cameraMode":{"drawMode":0,"name":"Shaded","section":"Shading Mode"},"sceneLighting":false,"audioPlay":false,"sceneViewState":{"showFog":true,"showMaterialUpdate":false,"showSkybox":true,"showFlares":true,"showImageEffects":true,"showParticleSystems":true},"in2DMode":false,"pivot":{"x":4.76837158203125e-7,"y":1.6473795175552369,"z":0.0},"rotation":{"x":-0.12403006851673126,"y":-0.6987744569778442,"z":0.12500248849391938,"w":-0.6933291554450989},"size":11.325240135192871,"orthographic":false}