{"cameraMode":{"drawMode":0,"name":"Shaded","section":"Shading Mode"},"sceneLighting":false,"audioPlay":false,"sceneViewState":{"showFog":true,"showMaterialUpdate":false,"showSkybox":true,"showFlares":true,"showImageEffects":true,"showParticleSystems":true},"in2DMode":false,"pivot":{"x":-3.0547380447387697e-7,"y":0.6282283067703247,"z":-1.7136335372924806e-7},"rotation":{"x":0.17508390545845033,"y":0.6677185297012329,"z":-0.16599524021148683,"w":0.704232394695282},"size":2.1051740646362306,"orthographic":false}