{"cameraMode":{"drawMode":0,"name":"Shaded","section":"Shading Mode"},"sceneLighting":false,"audioPlay":false,"sceneViewState":{"showFog":true,"showMaterialUpdate":false,"showSkybox":true,"showFlares":true,"showImageEffects":true,"showParticleSystems":true},"in2DMode":false,"pivot":{"x":-33.27000045776367,"y":1.2200000286102296,"z":-37.220001220703128},"rotation":{"x":0.010329467244446278,"y":-0.9811651706695557,"z":0.1849471777677536,"w":0.05479802191257477},"size":2.8578836917877199,"orthographic":false}