{"cameraMode":{"drawMode":0,"name":"Shaded","section":"Shading Mode"},"sceneLighting":false,"audioPlay":false,"sceneViewState":{"showFog":true,"showMaterialUpdate":false,"showSkybox":true,"showFlares":true,"showImageEffects":true,"showParticleSystems":true},"in2DMode":false,"pivot":{"x":-36.0667610168457,"y":3.796145439147949,"z":6.880000114440918},"rotation":{"x":-0.20450913906097413,"y":-0.32956984639167788,"z":0.07335694879293442,"w":-0.9187918901443481},"size":5.033915996551514,"orthographic":false}