{"cameraMode":{"drawMode":0,"name":"Shaded","section":"Shading Mode"},"sceneLighting":true,"audioPlay":false,"sceneViewState":{"showFog":true,"showMaterialUpdate":false,"showSkybox":true,"showFlares":true,"showImageEffects":true,"showParticleSystems":true},"in2DMode":false,"pivot":{"x":-34.7310676574707,"y":5.423641204833984,"z":19.521631240844728},"rotation":{"x":-0.27887818217277529,"y":0.047413911670446399,"z":-0.013795308768749237,"w":-0.9590561389923096},"size":8.924485206604004,"orthographic":false}