{"cameraMode":{"drawMode":0,"name":"Shaded","section":"Shading Mode"},"sceneLighting":false,"audioPlay":false,"sceneViewState":{"showFog":true,"showMaterialUpdate":false,"showSkybox":true,"showFlares":true,"showImageEffects":true,"showParticleSystems":true},"in2DMode":false,"pivot":{"x":-4.76837158203125e-7,"y":0.7429794073104858,"z":-0.0000015497207641601563},"rotation":{"x":0.2657228708267212,"y":0.2045557200908661,"z":-0.057804420590400699,"w":0.9403228163719177},"size":4.911613464355469,"orthographic":false}