{"cameraMode":{"drawMode":0,"name":"Shaded","section":"Shading Mode"},"sceneLighting":true,"audioPlay":false,"sceneViewState":{"showFog":true,"showMaterialUpdate":false,"showSkybox":true,"showFlares":true,"showImageEffects":true,"showParticleSystems":true},"in2DMode":false,"pivot":{"x":-40.914451599121097,"y":3.8745362758636476,"z":-33.94633102416992},"rotation":{"x":-0.08862485736608505,"y":-0.5882850885391235,"z":0.06506902724504471,"w":-0.8011443614959717},"size":4.899087429046631,"orthographic":false}