{"cameraMode":{"drawMode":0,"name":"Shaded","section":"Shading Mode"},"sceneLighting":false,"audioPlay":false,"sceneViewState":{"showFog":true,"showMaterialUpdate":false,"showSkybox":true,"showFlares":true,"showImageEffects":true,"showParticleSystems":true},"in2DMode":false,"pivot":{"x":-29.556547164916993,"y":-8.936110496520996,"z":-1.2325074672698975},"rotation":{"x":-0.11817628145217896,"y":0.7047730088233948,"z":-0.12089286744594574,"w":-0.6889952421188355},"size":35.40210723876953,"orthographic":false}