{"cameraMode":{"drawMode":0,"name":"Shaded","section":"Shading Mode"},"sceneLighting":false,"audioPlay":false,"sceneViewState":{"showFog":true,"showMaterialUpdate":false,"showSkybox":true,"showFlares":true,"showImageEffects":true,"showParticleSystems":true},"in2DMode":false,"pivot":{"x":0.31591928005218508,"y":-0.04682224988937378,"z":-0.36027002334594729},"rotation":{"x":-0.003868221305310726,"y":-0.9949225187301636,"z":0.09135153889656067,"w":-0.04205988347530365},"size":2.756183624267578,"orthographic":false}