{"cameraMode":{"drawMode":0,"name":"Shaded","section":"Shading Mode"},"sceneLighting":false,"audioPlay":false,"sceneViewState":{"showFog":true,"showMaterialUpdate":false,"showSkybox":true,"showFlares":true,"showImageEffects":true,"showParticleSystems":true},"in2DMode":false,"pivot":{"x":-43.35161590576172,"y":3.8390817642211916,"z":-33.99724197387695},"rotation":{"x":-0.10024737566709519,"y":0.7423075437545776,"z":-0.11402225494384766,"w":-0.6526323556900024},"size":4.39897346496582,"orthographic":false}