{"cameraMode":{"drawMode":0,"name":"Shaded","section":"Shading Mode"},"sceneLighting":false,"audioPlay":false,"sceneViewState":{"showFog":true,"showMaterialUpdate":false,"showSkybox":true,"showFlares":true,"showImageEffects":true,"showParticleSystems":true},"in2DMode":false,"pivot":{"x":-42.2754020690918,"y":5.435451507568359,"z":-31.40625762939453},"rotation":{"x":-0.16685035824775697,"y":-0.6631408929824829,"z":0.15517808496952058,"w":-0.7129691243171692},"size":1.3590236902236939,"orthographic":false}