{"cameraMode":{"drawMode":0,"name":"Shaded","section":"Shading Mode"},"sceneLighting":false,"audioPlay":false,"sceneViewState":{"showFog":true,"showMaterialUpdate":false,"showSkybox":true,"showFlares":true,"showImageEffects":true,"showParticleSystems":true},"in2DMode":false,"pivot":{"x":1.4849745035171509,"y":0.12502403557300569,"z":-0.5999491214752197},"rotation":{"x":0.20507760345935822,"y":0.68408203125,"z":-0.2100946456193924,"w":0.6677089929580689},"size":5.544294834136963,"orthographic":false}