{"cameraMode":{"drawMode":0,"name":"Shaded","section":"Shading Mode"},"sceneLighting":false,"audioPlay":false,"sceneViewState":{"showFog":true,"showMaterialUpdate":false,"showSkybox":true,"showFlares":true,"showImageEffects":true,"showParticleSystems":true},"in2DMode":false,"pivot":{"x":-24.005142211914064,"y":-15.951455116271973,"z":-6.737045764923096},"rotation":{"x":-0.17390668392181397,"y":0.7677682638168335,"z":-0.2340368777513504,"w":-0.5705394148826599},"size":35.40210723876953,"orthographic":false}