{"cameraMode":{"drawMode":0,"name":"Shaded","section":"Shading Mode"},"sceneLighting":false,"audioPlay":false,"sceneViewState":{"showFog":true,"showMaterialUpdate":false,"showSkybox":true,"showFlares":true,"showImageEffects":true,"showParticleSystems":true},"in2DMode":false,"pivot":{"x":-0.3444840908050537,"y":0.06397181749343872,"z":0.003682374954223633},"rotation":{"x":-0.08006639778614044,"y":0.31089141964912417,"z":-0.02630160003900528,"w":-0.9467017650604248},"size":3.0518949031829836,"orthographic":false}