{"cameraMode":{"drawMode":0,"name":"Shaded","section":"Shading Mode"},"sceneLighting":true,"audioPlay":false,"sceneViewState":{"showFog":true,"showMaterialUpdate":false,"showSkybox":true,"showFlares":true,"showImageEffects":true,"showParticleSystems":true},"in2DMode":false,"pivot":{"x":-38.67874526977539,"y":-3.620168685913086,"z":-11.827604293823243},"rotation":{"x":0.21880514919757844,"y":-0.086702860891819,"z":0.019530998542904855,"w":0.9717126488685608},"size":31.926372528076173,"orthographic":false}