{"cameraMode":{"drawMode":0,"name":"Shaded","section":"Shading Mode"},"sceneLighting":false,"audioPlay":false,"sceneViewState":{"showFog":true,"showMaterialUpdate":false,"showSkybox":true,"showFlares":true,"showImageEffects":true,"showParticleSystems":true},"in2DMode":false,"pivot":{"x":1.678011417388916,"y":-0.39458248019218447,"z":-0.37993597984313967},"rotation":{"x":0.1478719860315323,"y":0.7848814725875855,"z":-0.20515520870685578,"w":0.5656909346580505},"size":5.544294834136963,"orthographic":false}