{"cameraMode":{"drawMode":0,"name":"Shaded","section":"Shading Mode"},"sceneLighting":false,"audioPlay":false,"sceneViewState":{"showFog":true,"showMaterialUpdate":false,"showSkybox":true,"showFlares":true,"showImageEffects":true,"showParticleSystems":true},"in2DMode":false,"pivot":{"x":0.3161529302597046,"y":0.5845089554786682,"z":-0.2051408886909485},"rotation":{"x":0.17508390545845033,"y":0.6677185297012329,"z":-0.16599524021148683,"w":0.704232394695282},"size":2.4607367515563967,"orthographic":false}