{"cameraMode":{"drawMode":0,"name":"Shaded","section":"Shading Mode"},"sceneLighting":false,"audioPlay":false,"sceneViewState":{"showFog":true,"showMaterialUpdate":false,"showSkybox":true,"showFlares":true,"showImageEffects":true,"showParticleSystems":true},"in2DMode":false,"pivot":{"x":-0.6821260452270508,"y":0.5721420645713806,"z":0.03777405619621277},"rotation":{"x":0.05294192582368851,"y":-0.9468232989311218,"z":0.21349896490573884,"w":0.23482131958007813},"size":3.833914041519165,"orthographic":false}