{"cameraMode":{"drawMode":0,"name":"Shaded","section":"Shading Mode"},"sceneLighting":false,"audioPlay":false,"sceneViewState":{"showFog":true,"showMaterialUpdate":false,"showSkybox":true,"showFlares":true,"showImageEffects":true,"showParticleSystems":true},"in2DMode":false,"pivot":{"x":6.977213382720947,"y":-1.954384207725525,"z":1.6012645959854127},"rotation":{"x":0.090305395424366,"y":0.6370071768760681,"z":-0.07550042867660523,"w":0.7618178725242615},"size":12.967076301574707,"orthographic":false}