{"cameraMode":{"drawMode":0,"name":"Shaded","section":"Shading Mode"},"sceneLighting":false,"audioPlay":false,"sceneViewState":{"showFog":true,"showMaterialUpdate":false,"showSkybox":true,"showFlares":true,"showImageEffects":true,"showParticleSystems":true},"in2DMode":false,"pivot":{"x":-3.9100959300994875,"y":-3.9309000968933107,"z":0.04960453510284424},"rotation":{"x":-0.27143505215644839,"y":0.6489449143409729,"z":-0.26750388741493227,"w":-0.6585099101066589},"size":8.324689865112305,"orthographic":false}