{"cameraMode":{"drawMode":0,"name":"Shaded","section":"Shading Mode"},"sceneLighting":true,"audioPlay":false,"sceneViewState":{"showFog":true,"showMaterialUpdate":false,"showSkybox":true,"showFlares":true,"showImageEffects":true,"showParticleSystems":true},"in2DMode":false,"pivot":{"x":-40.02638244628906,"y":2.9442615509033205,"z":-31.581998825073243},"rotation":{"x":-0.275339812040329,"y":-0.09249632805585861,"z":0.02661787159740925,"w":-0.9565165638923645},"size":6.553074836730957,"orthographic":false}