{"cameraMode":{"drawMode":0,"name":"Shaded","section":"Shading Mode"},"sceneLighting":false,"audioPlay":false,"sceneViewState":{"showFog":true,"showMaterialUpdate":false,"showSkybox":true,"showFlares":true,"showImageEffects":true,"showParticleSystems":true},"in2DMode":false,"pivot":{"x":0.0,"y":0.8220716714859009,"z":0.0000019073486328125},"rotation":{"x":-0.33953285217285159,"y":-0.16702136397361756,"z":0.06139133498072624,"w":-0.9236083626747131},"size":13.908455848693848,"orthographic":false}