{"cameraMode":{"drawMode":0,"name":"Shaded","section":"Shading Mode"},"sceneLighting":false,"audioPlay":false,"sceneViewState":{"showFog":true,"showMaterialUpdate":false,"showSkybox":true,"showFlares":true,"showImageEffects":true,"showParticleSystems":true},"in2DMode":false,"pivot":{"x":-1.0877940654754639,"y":1.4329793453216553,"z":-0.06905263662338257},"rotation":{"x":0.2099253386259079,"y":0.6155073046684265,"z":-0.17476831376552583,"w":0.7392821907997131},"size":2.4607367515563967,"orthographic":false}