{"cameraMode":{"drawMode":0,"name":"Shaded","section":"Shading Mode"},"sceneLighting":false,"audioPlay":false,"sceneViewState":{"showFog":true,"showMaterialUpdate":false,"showSkybox":true,"showFlares":true,"showImageEffects":true,"showParticleSystems":true},"in2DMode":false,"pivot":{"x":-9.77874755859375,"y":0.7967547178268433,"z":14.998976707458496},"rotation":{"x":0.08347438275814057,"y":-0.805163562297821,"z":0.1168181300163269,"w":0.5754105448722839},"size":2.752833604812622,"orthographic":false}