{"cameraMode":{"drawMode":0,"name":"Shaded","section":"Shading Mode"},"sceneLighting":false,"audioPlay":false,"sceneViewState":{"showFog":true,"showMaterialUpdate":false,"showSkybox":true,"showFlares":true,"showImageEffects":true,"showParticleSystems":true},"in2DMode":false,"pivot":{"x":1.4819382429122925,"y":0.3347918689250946,"z":-4.150412559509277},"rotation":{"x":-0.00386822153814137,"y":-0.9949225783348084,"z":0.09135154634714127,"w":-0.04205988720059395},"size":7.798182010650635,"orthographic":false}