{"cameraMode":{"drawMode":0,"name":"Shaded","section":"Shading Mode"},"sceneLighting":false,"audioPlay":false,"sceneViewState":{"showFog":true,"showMaterialUpdate":false,"showSkybox":true,"showFlares":true,"showImageEffects":true,"showParticleSystems":true},"in2DMode":false,"pivot":{"x":-42.309417724609378,"y":4.0886549949646,"z":-47.552520751953128},"rotation":{"x":-0.025215817615389825,"y":0.9330891966819763,"z":-0.06674899905920029,"w":-0.352495938539505},"size":4.39897346496582,"orthographic":false}