{"cameraMode":{"drawMode":0,"name":"Shaded","section":"Shading Mode"},"sceneLighting":false,"audioPlay":false,"sceneViewState":{"showFog":true,"showMaterialUpdate":false,"showSkybox":true,"showFlares":true,"showImageEffects":true,"showParticleSystems":true},"in2DMode":false,"pivot":{"x":-5.696196556091309,"y":9.025146484375,"z":5.326633453369141},"rotation":{"x":-0.09093457460403443,"y":0.12602649629116059,"z":-0.011602136306464672,"w":-0.9877821803092957},"size":7.69335412979126,"orthographic":false}