{"cameraMode":{"drawMode":0,"name":"Shaded","section":"Shading Mode"},"sceneLighting":true,"audioPlay":false,"sceneViewState":{"showFog":true,"showMaterialUpdate":false,"showSkybox":true,"showFlares":true,"showImageEffects":true,"showParticleSystems":true},"in2DMode":false,"pivot":{"x":-0.8176689743995667,"y":3.38004469871521,"z":10.119502067565918},"rotation":{"x":0.061918407678604129,"y":0.929185152053833,"z":-0.1823744922876358,"w":0.3154689371585846},"size":11.959790229797364,"orthographic":false}