{"cameraMode":{"drawMode":0,"name":"Shaded","section":"Shading Mode"},"sceneLighting":true,"audioPlay":false,"sceneViewState":{"showFog":true,"showMaterialUpdate":false,"showSkybox":true,"showFlares":true,"showImageEffects":true,"showParticleSystems":true},"in2DMode":false,"pivot":{"x":15.558609008789063,"y":-4.599490642547607,"z":-3.618427276611328},"rotation":{"x":0.06628911942243576,"y":0.930553138256073,"z":-0.21181553602218629,"w":0.2912229001522064},"size":21.984638214111329,"orthographic":false}