{"cameraMode":{"drawMode":0,"name":"Shaded","section":"Shading Mode"},"sceneLighting":true,"audioPlay":false,"sceneViewState":{"showFog":true,"showMaterialUpdate":false,"showSkybox":true,"showFlares":true,"showImageEffects":true,"showParticleSystems":true},"in2DMode":false,"pivot":{"x":-4.2772040367126469,"y":-3.34890079498291,"z":-4.290706634521484},"rotation":{"x":0.018728181719779969,"y":0.9645724892616272,"z":-0.2533048391342163,"w":0.0713159367442131},"size":30.534210205078126,"orthographic":false}