{"cameraMode":{"drawMode":0,"name":"Shaded","section":"Shading Mode"},"sceneLighting":true,"audioPlay":false,"sceneViewState":{"showFog":true,"showMaterialUpdate":false,"showSkybox":true,"showFlares":true,"showImageEffects":true,"showParticleSystems":true},"in2DMode":false,"pivot":{"x":-52.61668395996094,"y":-7.382932186126709,"z":3.9719929695129396},"rotation":{"x":-0.11177904158830643,"y":0.3992653489112854,"z":-0.0491151437163353,"w":-0.9086695313453674},"size":71.12177276611328,"orthographic":false}