{"cameraMode":{"drawMode":0,"name":"Shaded","section":"Shading Mode"},"sceneLighting":false,"audioPlay":false,"sceneViewState":{"showFog":true,"showMaterialUpdate":false,"showSkybox":true,"showFlares":true,"showImageEffects":true,"showParticleSystems":true},"in2DMode":false,"pivot":{"x":-0.5747727155685425,"y":1.142712116241455,"z":10.194015502929688},"rotation":{"x":-0.19142106175422669,"y":-0.17792236804962159,"z":0.035307228565216067,"w":-0.9646009802818298},"size":11.547019004821778,"orthographic":false}