{"cameraMode":{"drawMode":0,"name":"Shaded","section":"Shading Mode"},"sceneLighting":false,"audioPlay":false,"sceneViewState":{"showFog":true,"showMaterialUpdate":false,"showSkybox":true,"showFlares":true,"showImageEffects":true,"showParticleSystems":true},"in2DMode":false,"pivot":{"x":0.15476587414741517,"y":0.9264643788337708,"z":0.3163911700248718},"rotation":{"x":0.004465093370527029,"y":0.9826810359954834,"z":-0.1837054342031479,"w":0.02388446219265461},"size":2.3552627563476564,"orthographic":false}